modelo,AUC,Brier,LogLoss
Células treino-only (justo),0.684879753115343,0.11054453110755562,0.3724379735624442
CatBoost,0.7010039186206976,0.1077313734944856,0.36070778828120115
Células c/ 2023 (vazado),0.7379408939049649,0.1040558357667362,0.34637082991237683
