{
  "modelo_A": {
    "AUC": 0.674982195438798,
    "Brier": 0.1106489073707957,
    "LogLoss": 0.3683861867545586
  },
  "modelo_B": {
    "AUC": 0.6114168884450866,
    "Brier": 0.1688155932713516,
    "LogLoss": 0.5458756972423862
  },
  "ensemble": {
    "AUC": 0.6423139161368763,
    "Brier": 0.12326820816247738,
    "LogLoss": 0.40257914763955926
  },
  "best_iter_A": 582,
  "best_iter_B": 1927,
  "fit_A": [
    2019,
    2020
  ],
  "val_A": [
    2021,
    2022
  ],
  "fit_B": [
    2021,
    2022
  ],
  "val_B": [
    2019,
    2020
  ],
  "holdout": 2023,
  "n_holdout": 82964122,
  "metrica": "Logloss (treino + early stopping)",
  "segundos": 4125.6
}