{
  "modelo_A": {
    "AUC": 0.7255785722043298,
    "Brier": 0.10670082717760902,
    "LogLoss": 0.3545249767881351
  },
  "modelo_B": {
    "AUC": 0.743558218100907,
    "Brier": 0.10523112120067811,
    "LogLoss": 0.35226175804953297
  },
  "ensemble": {
    "AUC": 0.7407446147906047,
    "Brier": 0.1043720914269205,
    "LogLoss": 0.347693058035815
  },
  "best_iter_A": 825,
  "best_iter_B": 2516,
  "holdout": 2023,
  "n_holdout": 82964122,
  "fit_A": [
    2019,
    2020
  ],
  "fit_B": [
    2021,
    2022
  ],
  "metrica": "Logloss (treino + early stopping)",
  "segundos": 778.5
}